{"cameraMode":{"drawMode":0,"name":"Shaded","section":"Shading Mode"},"sceneLighting":false,"audioPlay":false,"sceneViewState":{"m_AlwaysRefresh":false,"showFog":true,"showSkybox":false,"showFlares":true,"showImageEffects":true,"showParticleSystems":true,"showVisualEffectGraphs":true,"m_FxEnabled":true},"in2DMode":false,"pivot":{"x":0.1872391700744629,"y":2.432380437850952,"z":-0.054102420806884769},"rotation":{"x":-0.0002751837600953877,"y":0.9830271005630493,"z":-0.18345491588115693,"w":-0.0014745360240340233},"size":5.280971527099609,"orthographic":false}